year,driverId,mid_points,mid_avg_finish,mid_races,mid_wins,mid_podiums,prev_final_points,prev_final_rank,final_points,final_rank
2000,2,0.0,15.571428571428571,7,0,0,0.0,27.0,0.0,20
2000,14,34.0,5.875,8,2,5,0.0,27.0,73.0,3
2000,15,5.0,11.75,8,0,0,0.0,27.0,6.0,10
2000,18,3.0,12.625,8,0,0,0.0,27.0,12.0,8
2000,21,18.0,5.625,8,0,3,0.0,27.0,18.0,6
2000,22,28.0,6.5,8,0,4,0.0,27.0,62.0,4
2000,23,12.0,9.875,8,0,1,0.0,27.0,24.0,5
2000,25,0.0,12.0,8,0,0,0.0,27.0,2.0,15
2000,30,56.0,3.125,8,5,6,0.0,27.0,108.0,1
2000,35,5.0,12.25,8,0,0,0.0,27.0,17.0,7
2000,37,1.0,16.375,8,0,0,0.0,27.0,2.0,16
2000,41,1.0,11.0,8,0,0,0.0,27.0,3.0,14
2000,48,0.0,14.875,8,0,0,0.0,27.0,0.0,19
2000,49,5.0,14.125,8,0,1,0.0,27.0,11.0,9
2000,50,2.0,14.0,8,0,0,0.0,27.0,5.0,12
2000,55,0.0,15.875,8,0,0,0.0,27.0,0.0,22
2000,56,3.0,12.625,8,0,0,0.0,27.0,4.0,13
2000,57,32.0,6.0,8,1,4,0.0,27.0,89.0,2
2000,60,0.0,13.0,8,0,0,0.0,27.0,0.0,21
2000,63,3.0,11.875,8,0,0,0.0,27.0,6.0,11
2000,64,0.0,13.375,8,0,0,0.0,27.0,0.0,18
2000,65,0.0,13.875,8,0,0,0.0,27.0,0.0,17
2001,2,8.0,11.0,8,0,1,0.0,20.0,12.0,8
2001,4,0.0,15.75,8,0,0,0.0,27.0,0.0,23
2001,8,7.0,10.75,8,0,0,0.0,27.0,9.0,10
2001,14,40.0,3.875,8,2,5,73.0,3.0,65.0,2
2001,15,7.0,10.375,8,0,0,6.0,10.0,12.0,9
2001,18,0.0,12.375,8,0,0,12.0,8.0,2.0,17
2001,21,1.0,15.125,8,0,0,18.0,6.0,8.0,11
2001,22,24.0,8.5,8,0,5,62.0,4.0,56.0,3
2001,23,22.0,10.875,8,2,2,24.0,5.0,49.0,4
2001,30,58.0,3.625,8,4,7,108.0,1.0,123.0,1
2001,31,6.0,14.625,8,0,1,0.0,27.0,31.0,6
2001,35,7.0,11.0,8,0,1,17.0,7.0,12.0,7
2001,37,1.0,14.5,4,0,0,2.0,16.0,3.0,16
2001,41,0.0,7.0,1,0,0,3.0,14.0,0.0,19
2001,44,5.0,10.625,8,0,0,0.0,27.0,5.0,14
2001,49,6.0,12.0,7,0,0,11.0,9.0,6.0,13
2001,50,1.0,11.375,8,0,0,5.0,12.0,1.0,18
2001,54,0.0,11.75,8,0,0,0.0,23.0,0.0,20
2001,55,3.0,8.25,8,0,0,0.0,22.0,5.0,15
2001,56,4.0,13.75,8,0,1,4.0,13.0,6.0,12
2001,57,8.0,12.625,8,0,1,89.0,2.0,37.0,5
2001,58,0.0,13.625,8,0,0,0.0,27.0,0.0,22
2001,59,0.0,16.25,8,0,0,0.0,27.0,0.0,21
2001,60,0.0,16.5,4,0,0,0.0,21.0,0.0,25
2002,2,5.0,11.0,8,0,0,12.0,8.0,7.0,10
2002,8,7.0,13.5,8,0,1,9.0,10.0,24.0,6
2002,11,0.0,14.375,8,0,0,0.0,27.0,2.0,15
2002,13,3.0,11.875,8,0,0,0.0,27.0,4.0,13
2002,14,26.0,6.25,8,1,4,65.0,2.0,41.0,5
2002,15,4.0,11.625,8,0,0,12.0,9.0,9.0,8
2002,17,2.0,12.125,8,0,0,0.0,27.0,2.0,16
2002,18,8.0,10.375,8,0,0,2.0,17.0,14.0,7
2002,21,6.0,12.875,8,0,0,8.0,11.0,7.0,11
2002,22,16.0,10.5,8,0,3,56.0,3.0,77.0,2
2002,23,27.0,5.875,8,1,4,49.0,4.0,42.0,4
2002,30,70.0,1.375,8,6,8,123.0,1.0,144.0,1
2002,31,27.0,6.375,8,0,4,31.0,6.0,50.0,3
2002,35,0.0,11.5,8,0,0,12.0,7.0,4.0,12
2002,37,0.0,14.125,8,0,0,3.0,16.0,0.0,21
2002,44,0.0,16.125,8,0,0,5.0,14.0,3.0,14
2002,49,2.0,11.875,8,0,0,6.0,13.0,2.0,18
2002,56,3.0,12.0,8,0,0,6.0,12.0,8.0,9
2002,59,0.0,16.5,8,0,0,0.0,21.0,0.0,22
2002,62,0.0,16.125,8,0,0,0.0,26.0,0.0,20
2002,63,2.0,11.25,8,0,0,0.0,27.0,2.0,17
2002,66,0.0,15.375,8,0,0,0.0,27.0,0.0,19
2003,2,1.0,13.0,8,0,0,7.0,10.0,6.0,14
2003,4,34.0,5.75,8,0,3,0.0,27.0,55.0,6
2003,8,51.0,4.75,8,1,6,24.0,6.0,91.0,2
2003,14,25.0,8.75,8,1,1,41.0,5.0,51.0,7
2003,15,13.0,9.875,8,0,0,9.0,8.0,33.0,8
2003,17,6.0,12.0,8,0,0,2.0,16.0,17.0,10
2003,18,8.0,10.375,8,0,0,14.0,7.0,17.0,9
2003,21,10.0,12.625,8,1,1,7.0,11.0,12.0,12
2003,22,31.0,6.875,8,0,4,77.0,2.0,65.0,4
2003,23,33.0,5.0,8,0,1,42.0,4.0,58.0,5
2003,30,54.0,3.875,8,4,5,144.0,1.0,93.0,1
2003,31,31.0,7.625,8,1,3,50.0,3.0,82.0,3
2003,35,3.0,14.625,8,0,0,4.0,12.0,6.0,16
2003,42,0.0,14.125,8,0,0,0.0,27.0,0.0,21
2003,43,3.0,10.875,8,0,0,0.0,27.0,10.0,13
2003,44,1.0,13.75,8,0,0,3.0,14.0,6.0,15
2003,49,7.0,13.125,8,0,0,2.0,18.0,13.0,11
2003,50,0.0,13.875,8,0,0,0.0,27.0,0.0,22
2003,51,0.0,15.0,8,0,0,0.0,27.0,1.0,20
2003,52,1.0,14.125,8,0,0,0.0,27.0,1.0,19
2004,2,3.0,13.444444444444445,9,0,0,6.0,14.0,3.0,18
2004,4,25.0,7.777777777777778,9,0,1,55.0,6.0,59.0,4
2004,8,8.0,13.11111111111111,9,0,0,91.0,2.0,45.0,7
2004,10,2.0,7.0,1,0,0,0.0,27.0,2.0,19
2004,11,14.0,10.88888888888889,9,0,1,3.0,18.0,34.0,8
2004,13,5.0,10.777777777777779,9,0,0,0.0,27.0,12.0,12
2004,14,9.0,11.333333333333334,9,0,0,51.0,7.0,24.0,10
2004,15,41.0,5.444444444444445,9,1,2,33.0,8.0,46.0,6
2004,17,3.0,13.222222222222221,9,0,0,17.0,10.0,7.0,13
2004,18,44.0,4.777777777777778,9,0,6,17.0,9.0,85.0,3
2004,21,10.0,9.555555555555555,9,0,0,12.0,12.0,22.0,11
2004,22,62.0,2.7777777777777777,9,0,7,65.0,4.0,114.0,2
2004,23,12.0,11.555555555555555,9,0,0,58.0,5.0,24.0,9
2004,30,80.0,2.111111111111111,9,8,8,93.0,1.0,148.0,1
2004,31,24.0,8.777777777777779,9,0,2,82.0,3.0,58.0,5
2004,32,0.0,13.666666666666666,9,0,0,0.0,27.0,3.0,16
2004,43,3.0,13.444444444444445,9,0,0,10.0,13.0,3.0,17
2004,44,5.0,11.777777777777779,9,0,0,6.0,15.0,6.0,14
2004,45,0.0,15.5,8,0,0,0.0,27.0,0.0,24
2004,46,0.0,16.444444444444443,9,0,0,0.0,27.0,0.0,25
2004,47,1.0,14.555555555555555,9,0,0,0.0,24.0,1.0,20
2005,2,25.0,10.11111111111111,9,0,3,3.0,18.0,28.0,11
2005,4,59.0,4.555555555555555,9,4,6,59.0,4.0,133.0,1
2005,8,37.0,6.444444444444445,9,3,4,45.0,7.0,112.0,2
2005,11,0.0,14.666666666666666,6,0,0,34.0,8.0,1.0,23
2005,13,7.0,9.88888888888889,9,0,0,12.0,12.0,11.0,13
2005,14,17.0,9.444444444444445,9,0,0,24.0,10.0,24.0,12
2005,15,27.0,6.444444444444445,9,0,3,46.0,6.0,43.0,7
2005,17,22.0,9.0,9,0,1,7.0,13.0,36.0,10
2005,18,0.0,13.428571428571429,7,0,0,85.0,3.0,37.0,9
2005,19,0.0,19.0,1,0,0,0.0,27.0,0.0,27
2005,21,17.0,11.444444444444445,9,1,1,22.0,11.0,58.0,5
2005,22,29.0,7.222222222222222,9,0,4,114.0,2.0,38.0,8
2005,23,20.0,8.125,8,0,0,24.0,9.0,45.0,6
2005,24,1.0,12.5,4,0,0,0.0,27.0,1.0,24
2005,25,6.0,3.0,1,0,1,0.0,27.0,6.0,17
2005,27,4.0,13.666666666666666,9,0,0,0.0,27.0,4.0,19
2005,30,34.0,8.222222222222221,9,1,3,148.0,1.0,62.0,3
2005,31,16.0,9.142857142857142,7,0,0,58.0,5.0,60.0,4
2005,32,4.0,12.2,5,0,0,3.0,16.0,9.0,15
2005,33,6.0,11.555555555555555,9,0,1,0.0,27.0,7.0,16
2005,35,5.0,12.0,9,0,0,0.0,21.0,9.0,14
2005,37,4.0,5.0,1,0,0,0.0,27.0,4.0,20
2005,39,5.0,14.11111111111111,9,0,0,0.0,27.0,5.0,18
2005,40,3.0,15.444444444444445,9,0,0,0.0,27.0,3.0,21
2005,41,0.0,17.0,1,0,0,0.0,22.0,0.0,26
2006,2,12.0,9.222222222222221,9,0,0,28.0,11.0,23.0,9
2006,3,4.0,14.11111111111111,9,0,0,0.0,27.0,4.0,17
2006,4,84.0,1.3333333333333333,9,6,9,133.0,1.0,134.0,1
2006,8,39.0,7.444444444444445,9,0,4,112.0,2.0,65.0,5
2006,11,0.0,16.555555555555557,9,0,0,1.0,23.0,0.0,23
2006,13,28.0,7.333333333333333,9,0,1,11.0,13.0,80.0,3
2006,14,8.0,12.555555555555555,9,0,1,24.0,12.0,14.0,13
2006,15,3.0,13.222222222222221,9,0,0,43.0,7.0,15.0,12
2006,17,6.0,14.777777777777779,9,0,0,36.0,10.0,7.0,14
2006,18,16.0,9.666666666666666,9,0,1,37.0,9.0,56.0,6
2006,21,37.0,6.444444444444445,9,1,2,58.0,5.0,72.0,4
2006,22,13.0,9.666666666666666,9,0,0,38.0,8.0,30.0,7
2006,23,8.0,12.666666666666666,9,0,1,45.0,6.0,20.0,10
2006,24,0.0,13.88888888888889,9,0,0,1.0,24.0,1.0,19
2006,26,0.0,14.0,9,0,0,0.0,27.0,0.0,20
2006,27,0.0,16.333333333333332,9,0,0,4.0,19.0,0.0,22
2006,30,59.0,4.222222222222222,9,2,6,62.0,3.0,121.0,2
2006,31,26.0,9.777777777777779,9,0,2,60.0,4.0,26.0,8
2006,32,1.0,15.444444444444445,9,0,0,9.0,15.0,2.0,18
2006,33,0.0,14.88888888888889,9,0,0,7.0,16.0,0.0,21
2006,34,0.0,17.25,4,0,0,0.0,27.0,0.0,25
2006,35,7.0,11.444444444444445,9,0,0,9.0,14.0,7.0,15
2006,36,0.0,18.6,5,0,0,0.0,27.0,0.0,27
2007,1,64.0,2.0,8,2,8,0.0,27.0,109.0,2
2007,2,30.0,7.25,8,0,1,23.0,9.0,61.0,5
2007,3,5.0,11.125,8,0,0,4.0,17.0,20.0,9
2007,4,50.0,3.5,8,2,5,134.0,1.0,109.0,3
2007,5,12.0,8.875,8,0,0,0.0,27.0,30.0,7
2007,8,42.0,5.5,8,2,4,65.0,5.0,110.0,1
2007,9,17.0,10.571428571428571,7,0,0,6.0,16.0,39.0,6
2007,11,4.0,13.75,8,0,0,0.0,23.0,4.0,17
2007,13,47.0,5.25,8,2,5,80.0,3.0,94.0,4
2007,14,4.0,15.625,8,0,0,14.0,13.0,14.0,10
2007,15,7.0,12.25,8,0,0,15.0,12.0,8.0,13
2007,16,0.0,17.0,8,0,0,0.0,27.0,1.0,19
2007,17,2.0,13.75,8,0,0,7.0,14.0,10.0,12
2007,18,1.0,13.875,8,0,0,56.0,6.0,6.0,15
2007,19,0.0,14.875,8,0,0,0.0,27.0,0.0,23
2007,20,1.0,8.0,1,0,0,0.0,27.0,6.0,14
2007,21,16.0,8.625,8,0,0,72.0,4.0,21.0,8
2007,22,0.0,12.375,8,0,0,30.0,7.0,0.0,20
2007,23,2.0,13.375,8,0,0,20.0,10.0,5.0,16
2007,24,0.0,17.875,8,0,0,1.0,19.0,3.0,18
2007,25,8.0,11.75,8,0,1,0.0,27.0,13.0,11
2007,26,0.0,16.75,8,0,0,0.0,20.0,0.0,21
2007,27,0.0,17.375,8,0,0,0.0,22.0,0.0,25
2008,1,48.0,6.111111111111111,9,3,5,109.0,2.0,98.0,1
2008,2,36.0,6.333333333333333,9,0,3,61.0,5.0,60.0,6
2008,3,8.0,10.88888888888889,9,0,1,20.0,9.0,17.0,13
2008,4,13.0,9.222222222222221,9,0,0,109.0,3.0,61.0,5
2008,5,24.0,7.555555555555555,9,0,1,30.0,7.0,53.0,7
2008,6,8.0,12.0,9,0,0,0.0,22.0,9.0,15
2008,7,2.0,15.777777777777779,9,0,0,0.0,27.0,4.0,17
2008,8,48.0,5.333333333333333,9,2,5,110.0,1.0,75.0,3
2008,9,46.0,4.888888888888889,9,1,4,39.0,6.0,75.0,4
2008,10,5.0,11.444444444444445,9,0,0,0.0,27.0,25.0,10
2008,11,0.0,14.25,4,0,0,4.0,17.0,0.0,21
2008,12,2.0,15.0,9,0,0,0.0,27.0,19.0,12
2008,13,48.0,6.444444444444445,9,3,5,94.0,4.0,97.0,2
2008,14,6.0,12.555555555555555,9,0,1,14.0,10.0,8.0,16
2008,15,20.0,8.0,9,0,1,8.0,13.0,31.0,9
2008,16,0.0,18.22222222222222,9,0,0,1.0,19.0,0.0,20
2008,17,18.0,8.333333333333334,9,0,0,10.0,12.0,21.0,11
2008,18,3.0,13.666666666666666,9,0,0,6.0,15.0,3.0,18
2008,19,0.0,17.0,4,0,0,0.0,23.0,0.0,22
2008,20,5.0,15.88888888888889,9,0,0,6.0,14.0,35.0,8
2008,21,0.0,15.777777777777779,9,0,0,21.0,8.0,0.0,19
2008,22,11.0,11.777777777777779,9,0,1,0.0,20.0,11.0,14
2009,1,9.0,10.875,8,0,0,98.0,1.0,49.0,5
2009,2,6.0,10.875,8,0,1,60.0,6.0,19.0,13
2009,3,15.5,7.75,8,0,0,17.0,13.0,34.5,7
2009,4,11.0,8.625,8,0,0,61.0,5.0,26.0,9
2009,5,4.0,15.25,8,0,0,53.0,7.0,22.0,12
2009,6,0.0,14.875,8,0,0,9.0,15.0,0.0,20
2009,7,2.0,13.25,8,0,0,4.0,17.0,2.0,19
2009,8,10.0,10.0,8,0,1,75.0,3.0,48.0,6
2009,9,2.0,14.0,8,0,0,75.0,4.0,17.0,14
2009,10,13.0,7.25,8,0,1,25.0,10.0,24.0,10
2009,12,0.0,14.375,8,0,0,19.0,12.0,0.0,21
2009,13,16.0,9.75,8,0,0,97.0,2.0,22.0,11
2009,15,21.5,8.875,8,0,2,31.0,9.0,32.5,8
2009,16,0.0,15.875,8,0,0,0.0,20.0,5.0,17
2009,17,35.5,5.375,8,0,4,21.0,11.0,69.5,4
2009,18,64.0,1.875,8,6,7,3.0,18.0,95.0,1
2009,20,39.0,7.125,8,2,4,35.0,8.0,84.0,2
2009,21,0.0,13.875,8,0,0,0.0,19.0,8.0,15
2009,22,41.0,5.25,8,0,4,11.0,14.0,77.0,3
2009,67,3.0,14.875,8,0,0,0.0,27.0,6.0,16
2010,1,127.0,4.444444444444445,9,2,5,49.0,5.0,240.0,4
2010,3,75.0,6.333333333333333,9,0,2,34.5,7.0,142.0,7
2010,4,98.0,5.444444444444445,9,1,3,26.0,9.0,252.0,2
2010,5,0.0,18.0,9,0,0,22.0,12.0,0.0,20
2010,9,83.0,5.666666666666667,9,0,2,17.0,14.0,136.0,8
2010,10,0.0,19.77777777777778,9,0,0,24.0,10.0,0.0,25
2010,13,67.0,7.111111111111111,9,0,2,22.0,11.0,144.0,6
2010,15,0.0,19.333333333333332,9,0,0,32.5,8.0,0.0,21
2010,16,31.0,9.555555555555555,9,0,0,5.0,17.0,47.0,11
2010,17,103.0,6.777777777777778,9,2,4,69.5,4.0,242.0,3
2010,18,121.0,5.777777777777778,9,2,5,95.0,1.0,214.0,5
2010,20,115.0,6.666666666666667,9,2,4,84.0,2.0,256.0,1
2010,22,19.0,11.222222222222221,9,0,0,77.0,3.0,47.0,10
2010,24,12.0,13.444444444444445,9,0,0,0.0,22.0,21.0,15
2010,30,34.0,10.333333333333334,9,0,0,0.0,27.0,72.0,9
2010,37,0.0,18.11111111111111,9,0,0,0.0,27.0,6.0,17
2010,67,7.0,14.666666666666666,9,0,0,6.0,16.0,8.0,16
2010,153,3.0,11.555555555555555,9,0,0,0.0,24.0,5.0,19
2010,155,7.0,17.88888888888889,9,0,0,3.0,18.0,32.0,12
2010,807,1.0,17.0,9,0,0,0.0,27.0,22.0,14
2010,808,6.0,15.11111111111111,9,0,0,0.0,27.0,27.0,13
2010,810,0.0,18.444444444444443,9,0,0,0.0,27.0,0.0,24
2010,811,0.0,19.444444444444443,9,0,0,0.0,27.0,0.0,23
2010,812,0.0,17.88888888888889,9,0,0,0.0,27.0,0.0,22
2011,1,109.0,6.111111111111111,9,1,3,240.0,4.0,227.0,5
2011,2,34.0,9.777777777777779,9,0,1,6.0,18.0,34.0,11
2011,3,40.0,9.0,9,0,0,142.0,7.0,89.0,7
2011,4,112.0,5.777777777777778,9,1,4,252.0,2.0,257.0,4
2011,5,0.0,19.0,9,0,0,0.0,20.0,0.0,22
2011,10,0.0,19.0,9,0,0,0.0,25.0,0.0,25
2011,13,52.0,9.777777777777779,9,0,0,144.0,6.0,118.0,6
2011,15,0.0,17.88888888888889,9,0,0,0.0,21.0,0.0,21
2011,16,10.0,12.11111111111111,9,0,0,47.0,11.0,42.0,9
2011,17,124.0,3.4444444444444446,9,0,5,242.0,3.0,258.0,3
2011,18,109.0,5.666666666666667,9,1,4,214.0,5.0,270.0,2
2011,20,204.0,1.3333333333333333,9,6,9,256.0,1.0,392.0,1
2011,22,4.0,14.0,9,0,0,47.0,10.0,4.0,17
2011,24,0.0,19.88888888888889,9,0,0,21.0,15.0,0.0,23
2011,30,28.0,11.777777777777779,9,0,0,72.0,9.0,76.0,8
2011,37,0.0,12.0,1,0,0,6.0,17.0,0.0,20
2011,39,0.0,20.875,8,0,0,0.0,27.0,0.0,26
2011,67,8.0,12.444444444444445,9,0,0,8.0,16.0,15.0,15
2011,153,9.0,14.11111111111111,9,0,0,5.0,19.0,26.0,14
2011,155,25.0,12.0,9,0,0,32.0,12.0,30.0,12
2011,808,31.0,11.0,9,0,1,27.0,13.0,37.0,10
2011,813,0.0,18.11111111111111,9,0,0,0.0,27.0,1.0,19
2011,814,2.0,13.88888888888889,9,0,0,0.0,27.0,27.0,13
2011,815,8.0,15.625,8,0,0,0.0,27.0,14.0,16
2011,816,0.0,18.0,9,0,0,0.0,27.0,0.0,24
2011,817,0.0,19.0,1,0,0,0.0,27.0,0.0,27
2012,1,92.0,8.2,10,1,4,227.0,5.0,190.0,4
2012,3,76.0,7.7,10,1,2,89.0,7.0,93.0,9
2012,4,154.0,3.6,10,3,6,257.0,4.0,278.0,2
2012,5,0.0,17.3,10,0,0,0.0,22.0,0.0,22
2012,8,98.0,5.8,10,0,4,0.0,27.0,207.0,3
2012,10,0.0,18.6,10,0,0,0.0,25.0,0.0,20
2012,13,23.0,11.7,10,0,0,118.0,6.0,122.0,7
2012,17,120.0,4.8,10,2,2,258.0,3.0,179.0,6
2012,18,68.0,9.6,10,1,3,270.0,2.0,188.0,5
2012,20,110.0,6.2,10,1,3,392.0,1.0,281.0,1
2012,30,29.0,14.6,10,0,1,76.0,8.0,49.0,13
2012,37,0.0,20.8,10,0,0,0.0,20.0,0.0,25
2012,39,0.0,21.1,10,0,0,0.0,26.0,0.0,24
2012,154,61.0,12.8,10,0,2,0.0,27.0,96.0,8
2012,155,33.0,12.4,10,0,0,30.0,12.0,60.0,12
2012,807,19.0,11.4,10,0,0,0.0,27.0,63.0,11
2012,808,0.0,17.8,10,0,0,37.0,10.0,0.0,19
2012,811,18.0,13.7,10,0,0,2.0,18.0,31.0,16
2012,813,29.0,14.3,10,1,1,1.0,19.0,45.0,15
2012,814,27.0,10.8,10,0,0,27.0,13.0,46.0,14
2012,815,47.0,10.3,10,0,2,14.0,16.0,66.0,10
2012,817,2.0,13.4,10,0,0,0.0,27.0,10.0,18
2012,818,4.0,13.9,10,0,0,0.0,27.0,16.0,17
2012,819,0.0,19.2,10,0,0,0.0,27.0,0.0,21
2013,1,99.0,4.888888888888889,9,0,3,190.0,4.0,189.0,4
2013,3,84.0,8.222222222222221,9,2,2,93.0,9.0,171.0,6
2013,4,123.0,5.555555555555555,9,2,5,278.0,2.0,242.0,2
2013,8,116.0,4.444444444444445,9,1,5,207.0,3.0,183.0,5
2013,13,57.0,10.0,9,0,1,122.0,7.0,112.0,8
2013,16,23.0,12.11111111111111,9,0,0,0.0,27.0,29.0,13
2013,17,93.0,6.222222222222222,9,0,3,179.0,6.0,199.0,3
2013,18,33.0,9.555555555555555,9,0,0,188.0,5.0,73.0,9
2013,20,157.0,4.222222222222222,9,4,6,281.0,1.0,397.0,1
2013,154,41.0,11.333333333333334,9,0,2,96.0,8.0,132.0,7
2013,807,7.0,13.222222222222221,9,0,0,63.0,11.0,51.0,10
2013,813,0.0,15.666666666666666,9,0,0,45.0,15.0,1.0,18
2013,814,36.0,9.333333333333334,9,0,0,46.0,14.0,48.0,12
2013,815,16.0,11.222222222222221,9,0,0,66.0,10.0,49.0,11
2013,817,11.0,13.666666666666666,9,0,0,10.0,18.0,20.0,14
2013,818,13.0,14.666666666666666,9,0,0,16.0,17.0,13.0,15
2013,819,0.0,16.88888888888889,9,0,0,0.0,21.0,0.0,20
2013,820,0.0,17.555555555555557,9,0,0,0.0,27.0,0.0,23
2013,821,0.0,15.222222222222221,9,0,0,0.0,27.0,6.0,16
2013,822,0.0,13.555555555555555,9,0,0,0.0,27.0,4.0,17
2013,823,0.0,18.444444444444443,9,0,0,0.0,27.0,0.0,21
2013,824,0.0,17.0,9,0,0,0.0,27.0,0.0,19
2014,1,161.0,5.0,9,5,7,189.0,4.0,384.0,1
2014,3,165.0,3.4444444444444446,9,3,8,171.0,6.0,317.0,2
2014,4,87.0,5.222222222222222,9,0,1,242.0,2.0,161.0,6
2014,8,19.0,10.88888888888889,9,0,0,183.0,5.0,55.0,12
2014,13,30.0,11.777777777777779,9,0,0,112.0,8.0,134.0,7
2014,16,0.0,16.333333333333332,9,0,0,29.0,13.0,0.0,18
2014,18,55.0,8.11111111111111,9,0,1,73.0,9.0,126.0,8
2014,20,70.0,9.444444444444445,9,0,2,397.0,1.0,167.0,5
2014,154,8.0,12.88888888888889,9,0,0,132.0,7.0,8.0,14
2014,155,0.0,16.666666666666668,9,0,0,0.0,27.0,0.0,22
2014,807,63.0,6.555555555555555,9,0,0,51.0,10.0,96.0,9
2014,813,0.0,16.666666666666668,9,0,0,1.0,18.0,2.0,16
2014,815,28.0,11.333333333333334,9,0,1,49.0,11.0,59.0,10
2014,817,98.0,7.111111111111111,9,1,4,20.0,14.0,238.0,3
2014,818,9.0,15.222222222222221,9,0,0,13.0,15.0,22.0,13
2014,820,0.0,16.333333333333332,9,0,0,0.0,23.0,0.0,21
2014,821,0.0,16.444444444444443,9,0,0,6.0,16.0,0.0,20
2014,822,73.0,6.777777777777778,9,0,2,4.0,17.0,186.0,4
2014,824,2.0,16.11111111111111,9,0,0,0.0,19.0,2.0,17
2014,825,35.0,9.666666666666666,9,0,1,0.0,27.0,55.0,11
2014,826,6.0,13.333333333333334,9,0,0,0.0,27.0,8.0,15
2014,828,0.0,17.666666666666668,9,0,0,0.0,27.0,0.0,19
2015,1,194.0,1.5555555555555556,9,5,9,384.0,1.0,381.0,1
2015,3,177.0,1.8888888888888888,9,3,9,317.0,2.0,322.0,2
2015,4,1.0,16.25,8,0,0,161.0,6.0,11.0,17
2015,8,76.0,7.111111111111111,9,0,1,55.0,12.0,150.0,4
2015,13,74.0,6.555555555555555,9,0,1,134.0,7.0,121.0,6
2015,18,4.0,15.666666666666666,9,0,0,126.0,8.0,16.0,16
2015,20,135.0,3.2222222222222223,9,1,6,167.0,5.0,278.0,3
2015,154,17.0,11.222222222222221,9,0,0,8.0,14.0,51.0,11
2015,807,24.0,11.222222222222221,9,0,0,96.0,9.0,58.0,10
2015,813,12.0,15.0,9,0,0,2.0,16.0,27.0,14
2015,815,15.0,10.11111111111111,9,0,0,59.0,10.0,78.0,9
2015,817,36.0,9.0,9,0,0,238.0,3.0,92.0,8
2015,822,77.0,7.111111111111111,9,0,1,186.0,4.0,136.0,5
2015,825,0.0,17.0,1,0,0,55.0,11.0,0.0,22
2015,826,27.0,10.444444444444445,9,0,0,8.0,15.0,95.0,7
2015,828,5.0,12.88888888888889,9,0,0,0.0,19.0,9.0,18
2015,829,0.0,16.625,8,0,0,0.0,23.0,0.0,21
2015,830,10.0,13.666666666666666,9,0,0,0.0,27.0,49.0,12
2015,831,16.0,11.666666666666666,9,0,0,0.0,27.0,27.0,13
2015,832,9.0,12.222222222222221,9,0,0,0.0,27.0,18.0,15
2015,833,0.0,15.75,8,0,0,0.0,27.0,0.0,19
2016,1,167.0,4.4,10,4,7,381.0,1.0,380.0,2
2016,3,168.0,4.6,10,5,6,322.0,2.0,385.0,1
2016,4,18.0,13.777777777777779,9,0,0,11.0,17.0,54.0,10
2016,8,106.0,6.9,10,0,4,150.0,4.0,186.0,6
2016,13,38.0,10.3,10,0,0,121.0,6.0,53.0,11
2016,18,13.0,12.6,10,0,0,16.0,16.0,21.0,15
2016,20,98.0,8.7,10,0,5,278.0,3.0,212.0,4
2016,154,28.0,12.3,10,0,0,51.0,11.0,29.0,13
2016,807,26.0,12.7,10,0,0,58.0,10.0,72.0,9
2016,815,47.0,9.5,10,0,2,78.0,9.0,101.0,7
2016,817,100.0,5.2,10,0,1,92.0,8.0,256.0,3
2016,821,0.0,14.8,10,0,0,0.0,27.0,0.0,21
2016,822,54.0,8.0,10,0,1,136.0,5.0,85.0,8
2016,825,6.0,14.1,10,0,0,0.0,22.0,7.0,16
2016,826,23.0,14.3,10,0,1,95.0,7.0,25.0,14
2016,828,0.0,15.5,10,0,0,9.0,18.0,0.0,22
2016,830,90.0,7.8,10,1,3,49.0,12.0,204.0,5
2016,831,0.0,15.5,10,0,0,27.0,13.0,2.0,17
2016,832,26.0,10.8,10,0,0,18.0,15.0,46.0,12
2016,835,0.0,16.9,10,0,0,0.0,27.0,1.0,18
2016,836,1.0,16.4,10,0,0,0.0,27.0,1.0,19
2016,837,0.0,18.3,10,0,0,0.0,27.0,0.0,24
2016,838,1.0,10.0,1,0,0,0.0,27.0,1.0,20
2017,1,176.0,2.8,10,4,6,380.0,2.0,363.0,1
2017,4,2.0,15.333333333333334,9,0,0,54.0,10.0,17.0,15
2017,8,98.0,6.7,10,0,3,186.0,6.0,205.0,4
2017,13,23.0,11.1,10,0,0,53.0,11.0,43.0,11
2017,18,0.0,18.0,1,0,0,21.0,15.0,0.0,24
2017,20,177.0,2.6,10,3,7,212.0,4.0,317.0,2
2017,154,18.0,11.8,10,0,0,29.0,13.0,28.0,13
2017,807,26.0,11.0,10,0,0,72.0,9.0,43.0,10
2017,815,52.0,8.2,10,0,0,101.0,7.0,100.0,7
2017,817,117.0,6.1,10,1,5,256.0,3.0,200.0,5
2017,822,154.0,4.1,10,2,7,85.0,8.0,305.0,3
2017,825,11.0,12.8,10,0,0,7.0,16.0,19.0,14
2017,826,4.0,14.0,10,0,0,25.0,14.0,5.0,19
2017,828,0.0,14.4,10,0,0,0.0,22.0,0.0,20
2017,830,57.0,11.5,10,0,1,204.0,5.0,168.0,6
2017,832,29.0,11.8,10,0,0,46.0,12.0,54.0,9
2017,835,0.0,15.1,10,0,0,1.0,18.0,8.0,17
2017,836,5.0,13.75,8,0,0,1.0,19.0,5.0,18
2017,838,0.0,14.8,10,0,0,1.0,20.0,13.0,16
2017,839,43.0,8.2,10,0,0,0.0,23.0,87.0,8
2017,840,18.0,13.3,10,0,1,0.0,27.0,40.0,12
2017,841,0.0,15.5,2,0,0,0.0,27.0,0.0,22
2018,1,163.0,3.8,10,3,7,363.0,1.0,408.0,1
2018,4,40.0,10.4,10,0,0,17.0,15.0,50.0,11
2018,8,116.0,6.1,10,0,6,205.0,4.0,251.0,3
2018,20,171.0,3.0,10,4,6,317.0,2.0,320.0,2
2018,154,12.0,13.7,10,0,0,28.0,13.0,37.0,14
2018,807,42.0,10.7,10,0,0,43.0,10.0,69.0,7
2018,815,24.0,11.2,10,0,1,100.0,7.0,62.0,8
2018,817,106.0,7.9,10,2,2,200.0,5.0,170.0,6
2018,822,104.0,6.5,10,0,4,305.0,3.0,247.0,5
2018,825,39.0,9.7,10,0,0,19.0,14.0,56.0,9
2018,828,3.0,13.5,10,0,0,0.0,20.0,9.0,17
2018,830,93.0,7.9,10,1,4,168.0,6.0,249.0,4
2018,832,28.0,9.7,10,0,0,54.0,9.0,53.0,10
2018,838,8.0,12.2,10,0,0,13.0,16.0,12.0,16
2018,839,25.0,11.5,10,0,0,87.0,8.0,49.0,12
2018,840,4.0,14.1,10,0,0,40.0,12.0,6.0,18
2018,842,18.0,13.3,10,0,0,0.0,21.0,29.0,15
2018,843,1.0,16.3,10,0,0,0.0,23.0,4.0,19
2018,844,13.0,12.6,10,0,0,0.0,27.0,39.0,13
2018,845,0.0,15.9,10,0,0,0.0,27.0,1.0,20
2019,1,223.0,1.6,10,7,9,408.0,1.0,413.0,1
2019,8,25.0,10.4,10,0,0,251.0,3.0,43.0,12
2019,9,0.0,17.3,10,0,0,0.0,27.0,1.0,19
2019,20,123.0,4.8,10,0,4,320.0,2.0,240.0,5
2019,154,2.0,15.6,10,0,0,37.0,14.0,8.0,18
2019,807,17.0,12.2,10,0,0,69.0,7.0,37.0,14
2019,815,13.0,11.6,10,0,0,62.0,8.0,52.0,10
2019,817,22.0,12.1,10,0,0,170.0,6.0,54.0,9
2019,822,184.0,2.2,10,2,9,247.0,5.0,326.0,2
2019,825,14.0,13.9,10,0,0,56.0,9.0,20.0,16
2019,826,12.0,12.6,10,0,0,0.0,27.0,37.0,13
2019,830,136.0,3.7,10,1,3,249.0,4.0,278.0,3
2019,832,38.0,10.5,10,0,0,53.0,10.0,96.0,6
2019,840,6.0,12.8,10,0,0,6.0,18.0,21.0,15
2019,841,1.0,14.5,10,0,0,0.0,27.0,14.0,17
2019,842,55.0,8.2,10,0,0,29.0,15.0,95.0,7
2019,844,120.0,5.4,10,0,5,39.0,13.0,264.0,4
2019,846,22.0,12.1,10,0,0,0.0,27.0,49.0,11
2019,847,0.0,16.1,10,0,0,0.0,27.0,0.0,20
2019,848,7.0,12.4,10,0,0,0.0,27.0,92.0,8
2020,1,164.0,2.25,8,5,6,413.0,1.0,347.0,1
2020,8,0.0,13.875,8,0,0,43.0,12.0,4.0,16
2020,20,16.0,12.25,8,0,0,240.0,5.0,33.0,13
2020,154,0.0,15.375,8,0,0,8.0,18.0,2.0,19
2020,807,6.0,13.5,2,0,0,37.0,14.0,10.0,15
2020,815,34.0,7.333333333333333,6,0,0,52.0,10.0,125.0,4
2020,817,41.0,9.25,8,0,0,54.0,9.0,119.0,5
2020,822,117.0,3.75,8,1,6,326.0,2.0,223.0,2
2020,825,1.0,16.125,8,0,0,20.0,16.0,1.0,20
2020,826,4.0,11.75,8,0,0,37.0,13.0,32.0,14
2020,830,110.0,6.25,8,1,6,278.0,3.0,214.0,3
2020,832,41.0,9.625,8,0,1,96.0,6.0,105.0,6
2020,839,30.0,10.0,8,0,0,0.0,27.0,62.0,12
2020,840,57.0,7.5,8,0,1,21.0,15.0,75.0,11
2020,841,2.0,15.125,8,0,0,14.0,17.0,4.0,17
2020,842,43.0,9.75,8,1,1,95.0,7.0,75.0,10
2020,844,45.0,11.375,8,0,2,264.0,4.0,98.0,8
2020,846,57.0,7.0,8,0,1,49.0,11.0,97.0,9
2020,847,0.0,16.125,8,0,0,0.0,20.0,3.0,18
2020,848,48.0,8.0,8,0,0,92.0,8.0,105.0,7
2020,849,0.0,15.75,8,0,0,0.0,27.0,0.0,21
2021,1,193.0,3.4545454545454546,11,4,8,347.0,1.0,387.5,2
2021,4,38.0,10.090909090909092,11,0,0,0.0,27.0,81.0,10
2021,8,2.0,13.181818181818182,11,0,0,4.0,16.0,10.0,16
2021,20,30.0,12.727272727272727,11,0,1,33.0,13.0,43.0,12
2021,815,104.0,6.909090909090909,11,1,2,125.0,4.0,190.0,4
2021,817,50.0,8.272727272727273,11,0,0,119.0,5.0,115.0,8
2021,822,107.0,7.818181818181818,11,0,6,223.0,2.0,226.0,3
2021,830,184.0,5.2727272727272725,11,5,8,214.0,3.0,395.5,1
2021,832,83.0,6.545454545454546,11,0,2,105.0,6.0,164.5,5
2021,839,39.0,11.363636363636363,11,1,1,62.0,12.0,74.0,11
2021,840,18.0,11.636363636363637,11,0,0,75.0,11.0,34.0,13
2021,841,1.0,13.090909090909092,11,0,0,4.0,17.0,3.0,18
2021,842,50.0,9.545454545454545,11,0,1,75.0,10.0,110.0,9
2021,844,80.0,8.636363636363637,11,0,1,98.0,8.0,159.0,7
2021,846,113.0,5.454545454545454,11,0,3,97.0,9.0,160.0,6
2021,847,4.0,14.181818181818182,11,0,0,3.0,18.0,16.0,15
2021,849,6.0,15.909090909090908,11,0,0,0.0,21.0,7.0,17
2021,852,18.0,11.818181818181818,11,0,0,0.0,27.0,32.0,14
2021,853,0.0,17.636363636363637,11,0,0,0.0,27.0,0.0,21
2021,854,0.0,16.454545454545453,11,0,0,0.0,27.0,0.0,19
2022,1,108.0,5.636363636363637,11,0,4,387.5,2.0,240.0,6
2022,4,29.0,10.818181818181818,11,0,0,81.0,10.0,81.0,9
2022,20,15.0,12.11111111111111,9,0,0,43.0,12.0,37.0,12
2022,807,0.0,14.5,2,0,0,0.0,27.0,0.0,22
2022,815,141.0,7.0,11,1,6,190.0,4.0,305.0,3
2022,817,14.0,12.181818181818182,11,0,0,115.0,8.0,37.0,11
2022,822,44.0,9.272727272727273,11,0,0,226.0,3.0,49.0,10
2022,825,19.0,12.909090909090908,11,0,0,0.0,27.0,25.0,13
2022,830,192.0,5.0,11,6,8,395.5,1.0,454.0,1
2022,832,122.0,8.636363636363637,11,1,6,164.5,5.0,246.0,5
2022,839,49.0,8.818181818181818,11,0,0,74.0,11.0,92.0,8
2022,840,3.0,12.363636363636363,11,0,0,34.0,13.0,18.0,15
2022,842,16.0,12.818181818181818,11,0,0,110.0,9.0,23.0,14
2022,844,156.0,5.909090909090909,11,3,5,159.0,7.0,308.0,2
2022,846,60.0,9.090909090909092,11,0,1,160.0,6.0,122.0,7
2022,847,123.0,5.2727272727272725,11,0,3,16.0,15.0,275.0,4
2022,848,3.0,13.636363636363637,11,0,0,0.0,27.0,4.0,19
2022,849,0.0,15.727272727272727,11,0,0,7.0,17.0,2.0,20
2022,852,11.0,13.545454545454545,11,0,0,32.0,14.0,12.0,17
2022,854,12.0,14.181818181818182,11,0,0,0.0,19.0,12.0,16
2022,855,5.0,14.636363636363637,11,0,0,0.0,27.0,6.0,18
2023,1,131.0,4.363636363636363,11,0,4,240.0,6.0,234.0,3
2023,4,132.0,4.363636363636363,11,0,6,81.0,9.0,206.0,4
2023,807,6.0,14.545454545454545,11,0,0,0.0,22.0,9.0,16
2023,815,156.0,4.454545454545454,11,2,6,305.0,3.0,285.0,2
2023,817,0.0,13.0,1,0,0,37.0,11.0,6.0,17
2023,822,5.0,13.363636363636363,11,0,0,49.0,10.0,10.0,15
2023,825,2.0,15.545454545454545,11,0,0,25.0,13.0,3.0,19
2023,830,267.0,1.1818181818181819,11,9,11,454.0,1.0,575.0,1
2023,832,77.0,6.7272727272727275,11,0,0,246.0,5.0,200.0,7
2023,839,29.0,12.363636363636363,11,0,1,92.0,8.0,58.0,12
2023,840,39.0,10.636363636363637,11,0,0,18.0,15.0,74.0,10
2023,842,16.0,11.818181818181818,11,0,0,23.0,14.0,62.0,11
2023,844,73.0,8.636363636363637,11,0,2,308.0,2.0,206.0,5
2023,846,60.0,10.272727272727273,11,0,2,122.0,7.0,205.0,6
2023,847,84.0,7.818181818181818,11,0,1,275.0,4.0,175.0,8
2023,848,11.0,12.818181818181818,11,0,0,4.0,19.0,27.0,13
2023,852,2.0,13.090909090909092,11,0,0,12.0,17.0,17.0,14
2023,855,4.0,14.0,11,0,0,6.0,18.0,6.0,18
2023,856,0.0,15.9,10,0,0,2.0,21.0,0.0,22
2023,857,27.0,12.0,11,0,0,0.0,27.0,97.0,9
2023,858,0.0,16.363636363636363,11,0,0,0.0,27.0,1.0,21
2024,1,100.0,6.916666666666667,12,1,2,234.0,3.0,223.0,7
2024,4,45.0,9.833333333333334,12,0,0,206.0,4.0,70.0,9
2024,807,20.0,10.916666666666666,12,0,0,9.0,16.0,41.0,11
2024,815,105.0,7.833333333333333,12,0,4,285.0,2.0,152.0,8
2024,817,6.0,13.583333333333334,12,0,0,6.0,17.0,12.0,17
2024,822,0.0,15.916666666666666,12,0,0,10.0,15.0,0.0,22
2024,825,5.0,13.583333333333334,12,0,0,3.0,19.0,16.0,15
2024,830,231.0,3.4166666666666665,12,7,9,575.0,1.0,437.0,1
2024,832,134.0,5.0,11,1,5,200.0,7.0,290.0,5
2024,839,3.0,13.416666666666666,12,0,0,58.0,12.0,23.0,14
2024,840,23.0,11.916666666666666,12,0,0,74.0,10.0,24.0,13
2024,842,6.0,13.833333333333334,12,0,0,62.0,11.0,42.0,10
2024,844,136.0,6.083333333333333,12,1,5,206.0,5.0,356.0,3
2024,846,162.0,4.833333333333333,12,1,7,205.0,6.0,374.0,2
2024,847,105.0,7.333333333333333,12,1,2,175.0,8.0,245.0,6
2024,848,4.0,14.583333333333334,12,0,0,27.0,13.0,12.0,16
2024,852,19.0,12.25,12,0,0,17.0,14.0,30.0,12
2024,855,0.0,15.333333333333334,12,0,0,6.0,18.0,4.0,20
2024,857,112.0,5.75,12,0,2,97.0,9.0,292.0,4
2024,858,0.0,17.272727272727273,11,0,0,1.0,21.0,0.0,23
2024,860,6.0,7.0,1,0,0,0.0,27.0,7.0,18
